INSERT INTO department (id,department_name) VALUES (1,'Development');
INSERT INTO department (id,department_name) VALUES (2,'Quality Assistance');

INSERT INTO address (id,city,state) VALUES (1,'Fairfield','IOWA');
INSERT INTO address (id,city,state) VALUES (2,'Fairfield','OHIO');

INSERT INTO student (id,email,first_name,last_name,id_address,gpa,id_major,user_id) VALUES (1,'apokhrel@miu.edu','Ashish','Pokhrel','1',4,1,1);
INSERT INTO student (id,email,first_name,last_name,id_address,gpa,id_major,user_id) VALUES (2,'pbudhathoki@miu.edu','Puskar','Budhatoki','1',4,1,1);
INSERT INTO student (id,email,first_name,last_name,id_address,gpa,id_major,user_id) VALUES (3,'spageni@miu.edu','Saugat','Pageni','1',4,1,1);
INSERT INTO student (id,email,first_name,last_name,id_address,gpa,id_major,user_id) VALUES (4,'akc@miu.edu','Anand','Kc','1',4,1,1);
INSERT INTO student (id,email,first_name,last_name,id_address,gpa,id_major,user_id) VALUES (5,'sudip@miu.edu','Sudip','Budhatoki','1',4,1,1);
INSERT INTO student (id,email,first_name,last_name,id_address,gpa,id_major,user_id) VALUES (6,'sp@miu.edu','Sudip2','Budhatoki2','1',4,1,1);

-- INSERT INTO job_advertisement (id,benefits,company_name,description,publish_date,title,id_address) VALUES (1,'good salary with bonus','Infosys','Mid level .Net developer needed in Infosys','2021-08-28 10:30:15','.Net Developer',2);
-- INSERT INTO job_advertisement (id,benefits,company_name,description,publish_date,title,id_address) VALUES (2,'good salary with bonus','Infosys','Android Developer','2021-09-28 10:30:15','Mid level Android developer needed in Infosys',1);
-- INSERT INTO job_advertisement (id,benefits,company_name,description,publish_date,title,id_address) VALUES (3,'good salary with bonus','Infosys','Angular Developer','2021-07-28 10:30:15','Mid level Angular developer needed in Infosys',1);
-- INSERT INTO job_advertisement (id,benefits,company_name,description,publish_date,title,id_address) VALUES (4,'good salary with bonus','Infosys','IOS Developer','2021-10-28 10:30:15','Mid level IOS developer needed in Infosys',2);
-- INSERT INTO job_advertisement (id,benefits,company_name,description,publish_date,title,id_address) VALUES (5,'good salary with bonus','Infosys','Java Developer','2021-06-28 10:30:15','Mid level Java developer needed in Infosys',1);
-- INSERT INTO job_advertisement (id,benefits,company_name,description,publish_date,title,id_address) VALUES (6,'good salary with bonus','Infosys','MERN Developer','2021-11-28 10:30:15','Mid level MERN developer needed in Infosys',1);
-- INSERT INTO job_advertisement (id,benefits,company_name,description,publish_date,title,id_address) VALUES (7,'good salary with bonus','Infosys','React Developer','2021-12-28 10:30:15','Mid level React developer needed in Infosys',2);
-- INSERT INTO job_advertisement (id,benefits,company_name,description,publish_date,title,id_address) VALUES (8,'good salary with bonus','Infosys','Java Developer','2022-01-28 10:30:15','Mid level Java developer needed in Infosys',1);
-- INSERT INTO job_advertisement (id,benefits,company_name,description,publish_date,title,id_address) VALUES (9,'good salary with bonus','Infosys','Java Developer','2022-02-28 10:30:15','Mid level Java developer needed in Infosys',1);
-- INSERT INTO job_advertisement (id,benefits,company_name,description,publish_date,title,id_address) VALUES (10,'good salary with bonus','Infosys','IOS Developer','2022-03-28 10:30:15','Mid level IOS developer needed in Infosys',2);
-- INSERT INTO job_advertisement (id,benefits,company_name,description,publish_date,title,id_address) VALUES (11,'good salary with bonus','Infosys','Node JS Developer','2022-04-28 10:30:15','Mid level Node JS developer needed in Infosys',1);
-- INSERT INTO job_advertisement (id,benefits,company_name,description,publish_date,title,id_address) VALUES (12,'good salary with bonus','Infosys','FullStack Java Developer','2022-05-28 10:30:15','Mid level FullStack Java developer needed in Infosys',2);
-- INSERT INTO job_advertisement (id,benefits,company_name,description,publish_date,title,id_address) VALUES (13,'good salary with bonus','Infosys','FullStack Java Developer','2022-06-28 10:30:15','Mid level FullStack Java developer needed in Infosys',1);
-- INSERT INTO job_advertisement (id,benefits,company_name,description,publish_date,title,id_address) VALUES (14,'good salary with bonus','Infosys','Android Developer','2022-06-28 10:30:15','Mid level Android  developer needed in Infosys',2);

INSERT INTO faculty (id, active, department, email, first_name, last_logged_in_at, last_name, password, id_address) VALUES (1, true,'cs','faculty@miu.edu','Bibek','2022-01-15','Thokar','admin123',1);



